it.fr,1
1,0.1590909090909091
2,0.05263157894736842
3,0.05128205128205128
4,0.0
5,0.075
6,0.0
7,0.0196078431372549
8,0.03225806451612903
9,0.05263157894736842
10,0.0
