it.fr,1
1,0.3578300267477955
2,0.13135173437318345
3,0.08104408984731079
4,0.0
5,0.17937400083354382
6,0.0
7,0.03450327796711771
8,0.05292561240249631
9,0.12371791482634838
10,0.0
