it.en,1,2
1,0.058823529411764705,0.0
2,0.0,0.038461538461538464
3,0.0,0.05172413793103448
4,0.0,0.1076923076923077
5,0.0,0.0
6,0.2,0.043478260869565216
7,0.058823529411764705,0.06666666666666667
8,0.058823529411764705,0.0
9,0.0,0.02040816326530612
10,0.0,0.020833333333333332
11,0.0,0.11320754716981132
12,0.0,0.041666666666666664
13,0.05,0.0625
14,0.0,0.043478260869565216
15,0.0,0.022222222222222223
