it.en,1,2
1,0.1111111111111111,0.0
2,0.0,0.07453559924999299
3,0.0,0.07777137710478191
4,0.0,0.17588161767036212
5,0.0,0.0
6,0.3333333333333333,0.14433756729740643
7,0.1111111111111111,0.19245008972987526
8,0.1111111111111111,0.0
9,0.0,0.038575837490522985
10,0.0,0.04564354645876384
11,0.0,0.19364916731037085
12,0.0,0.08703882797784893
13,0.06415002990995841,0.16666666666666666
14,0.0,0.12500000000000003
15,0.0,0.09128709291752768
