de.en,1,2
1,0.0,0.0
2,0.0,0.0
3,0.0,0.0
4,0.0,0.0
5,0.0,0.0
6,0.0,0.0
7,0.0,0.0
8,0.0,0.0
9,0.0,0.0
10,0.15384615384615385,0.046511627906976744
11,0.0,0.0392156862745098
12,0.037037037037037035,0.16
13,0.0,0.0
