it.en,1,2
1,0.26666666666666666,0.06060606060606061
2,0.17391304347826086,0.14285714285714285
3,0.11764705882352941,0.06060606060606061
4,0.0,0.0
5,0.08108108108108109,0.05714285714285714
6,0.0,0.0
7,0.03125,0.034482758620689655
8,0.0,0.0
9,0.0,0.0
