fr.it,1,2,3
1,0.6666666666666666,0.0,0.0
2,0.0,0.5333333333333333,0.0
3,0.0,0.0,0.0
4,0.0,0.0,0.314970394174356
5,0.0,0.0,0.0
