fr.it,1,2,3
1,0.5,0.0,0.0
2,0.0,0.34782608695652173,0.0
3,0.0,0.0,0.0
4,0.0,0.0,0.18518518518518517
5,0.0,0.0,0.0
