fr.en,1,2,3
1,0.21052631578947367,0.0,0.058823529411764705
2,0.0,0.6666666666666666,0.0
3,0.05263157894736842,0.0,0.5588235294117647
4,0.0,0.0,0.0
