fr.en,1,2,3
1,0.41403933560541256,0.0,0.0
2,0.0,0.8164965809277259,0.0
3,0.0,0.0,0.6538852975902519
4,0.0,0.0,0.0
