de.fr,1,2,3
1,0.0,0.0,0.0
2,0.037037037037037035,0.1,0.024390243902439025
3,0.0,0.1111111111111111,0.0
4,0.0,0.0625,0.0
5,0.125,0.0,0.0
6,0.0,0.0,0.0
7,0.0,0.0,0.0
8,0.0,0.0,0.05555555555555555
9,0.0,0.0,0.0
10,0.0,0.08333333333333333,0.0
11,0.0,0.0,0.0
