de.it,1
1,0.015151515151515152
2,0.016666666666666666
3,0.03508771929824561
4,0.09090909090909091
5,0.04918032786885246
6,0.0
7,0.0
8,0.030303030303030304
9,0.031746031746031744
10,0.0
