de.it,1
1,0.05892556509887897
2,0.0890870806374748
3,0.15811388300841897
4,0.33678765702728175
5,0.14907119849998599
6,0.0
7,0.0
8,0.15811388300841897
9,0.10660035817780524
10,0.0
