it.en,1,2
1,0.12309149097933275,0.0
2,0.0,0.0
3,0.0,0.0
4,0.08333333333333334,0.0
5,0.0,0.0
6,0.16984155512168939,0.0
7,0.0,0.0
