it.en,1,2
1,0.07407407407407407,0.0
2,0.0,0.0
3,0.0,0.0
4,0.043478260869565216,0.0
5,0.0,0.0
6,0.06896551724137931,0.0
7,0.0,0.0
