de.en,1,2
1,0.17647058823529413,0.13333333333333333
2,0.2,0.038461538461538464
3,0.17391304347826086,0.2
4,0.1,0.05555555555555555
5,0.18181818181818182,0.09523809523809523
6,0.08823529411764706,0.0625
7,0.0,0.0
8,0.038461538461538464,0.0
9,0.10714285714285714,0.07692307692307693
