it.en,1,2
1,0.42339019740572553,0.02981423969999719
2,0.18650096164806276,0.0
3,0.09589266029707683,0.07427813527082075
4,0.0,0.0
5,0.12734290799340267,0.0
6,0.0,0.2088931871468374
7,0.0,0.09486832980505137
8,0.06262242910851494,0.0
9,0.0975900072948533,0.03779644730092272
10,0.0,0.0
