it.en,1,2
1,0.18604651162790697,0.02040816326530612
2,0.07142857142857142,0.0
3,0.05128205128205128,0.05263157894736842
4,0.0,0.0
5,0.075,0.0
6,0.0,0.1
7,0.0,0.02
8,0.03225806451612903,0.0
9,0.05263157894736842,0.02631578947368421
10,0.0,0.0
