fr.en,1,2
1,0.03571428571428571,0.0
2,0.043478260869565216,0.0
3,0.0,0.0
4,0.0,0.0
5,0.0,0.0
6,0.0,0.0
7,0.0,0.0
8,0.0,0.0
