fr.en,1,2
1,0.4166666666666667,0.021739130434782608
2,0.022727272727272728,0.5625
