fr.en,1,2
1,0.5892556509887895,0.05103103630798287
2,0.049690399499995326,0.6670137985134996
