fr.en,1,2
1,0.5892556509887895,0.0
2,0.0,0.6670137985134996
