it.en,1,2,3
1,0.16666666666666666,0.0,0.1388888888888889
2,0.1,0.0,0.12903225806451613
3,0.058823529411764705,0.0,0.10714285714285714
4,0.15,0.0,0.09090909090909091
5,0.0,0.35294117647058826,0.0
6,0.08823529411764706,0.03125,0.02040816326530612
