it.fr,1,2,3
1,0.0,0.10344827586206896,0.20588235294117646
2,0.0,0.05263157894736842,0.0
3,0.0,0.0,0.047619047619047616
