it.fr,1,2,3
1,0.0,0.22645540682891918,0.32357511446471704
2,0.0,0.08703882797784893,0.0
3,0.0,0.0,0.11785113019775793
